"","prevented_incidence_per_increased_test_VCT","prevented_incidence_per_increased_test_others"
"1",NA,NA
"2",-0.0806220498603633,2.14547698488697
"3",-0.0789919248624457,2.15972127576239
"4",57.4849063712674,-0.00161391148018744
"5",59.078812033566,-0.00107061426030441
